{
	"character_tails_tails_0x01": { "File": "character_tails_tails.png", "Rect": "4,4,24,16", "Center": "30,4" },
	"character_tails_tails_0x02": { "File": "character_tails_tails.png", "Rect": "36,4,24,16", "Center": "30,4" },
	"character_tails_tails_0x03": { "File": "character_tails_tails.png", "Rect": "68,4,24,16", "Center": "30,4" },
	"character_tails_tails_0x04": { "File": "character_tails_tails.png", "Rect": "100,4,24,16", "Center": "30,4" },
	"character_tails_tails_0x05": { "File": "character_tails_tails.png", "Rect": "132,4,24,16", "Center": "36,8" },
	"character_tails_tails_0x06": { "File": "character_tails_tails.png", "Rect": "164,4,24,16", "Center": "36,8" },
	"character_tails_tails_0x07": { "File": "character_tails_tails.png", "Rect": "196,4,24,16", "Center": "36,8" },
	"character_tails_tails_0x08": { "File": "character_tails_tails.png", "Rect": "228,4,24,16", "Center": "36,8" },
	"character_tails_tails_0x09": { "File": "character_tails_tails.png", "Rect": "260,4,24,16", "Center": "31,-7" },
	"character_tails_tails_0x0a": { "File": "character_tails_tails.png", "Rect": "292,4,24,16", "Center": "31,-7" },
	"character_tails_tails_0x0b": { "File": "character_tails_tails.png", "Rect": "324,4,24,16", "Center": "31,-7" },
	"character_tails_tails_0x0c": { "File": "character_tails_tails.png", "Rect": "356,4,24,16", "Center": "31,-7" },
	"character_tails_tails_0x0d": { "File": "character_tails_tails.png", "Rect": "392,0,16,24", "Center": "8,-12" },
	"character_tails_tails_0x0e": { "File": "character_tails_tails.png", "Rect": "424,0,16,24", "Center": "8,-12" },
	"character_tails_tails_0x0f": { "File": "character_tails_tails.png", "Rect": "456,0,16,24", "Center": "8,-12" },
	"character_tails_tails_0x10": { "File": "character_tails_tails.png", "Rect": "488,0,16,24", "Center": "8,-12" },
	"character_tails_tails_0x11": { "File": "character_tails_tails.png", "Rect": "8,24,16,24", "Center": "-7,-7" },
	"character_tails_tails_0x12": { "File": "character_tails_tails.png", "Rect": "40,24,16,24", "Center": "-7,-7" },
	"character_tails_tails_0x13": { "File": "character_tails_tails.png", "Rect": "72,24,16,24", "Center": "-7,-7" },
	"character_tails_tails_0x14": { "File": "character_tails_tails.png", "Rect": "104,24,16,24", "Center": "-7,-7" },
	"character_tails_tails_0x1a": { "File": "character_tails_tails.png", "Rect": "132,28,24,16", "Center": "29,2" },
	"character_tails_tails_0x1b": { "File": "character_tails_tails.png", "Rect": "164,28,24,16", "Center": "29,2" },
	"character_tails_tails_0x1c": { "File": "character_tails_tails.png", "Rect": "196,28,24,16", "Center": "29,2" },
	"character_tails_tails_0x1d": { "File": "character_tails_tails.png", "Rect": "228,28,24,16", "Center": "29,2" },
	"character_tails_tails_0x1e": { "File": "character_tails_tails.png", "Rect": "260,28,24,16", "Center": "29,3" },
	"character_tails_tails_0x1f": { "File": "character_tails_tails.png", "Rect": "292,28,24,16", "Center": "29,3" },
	"character_tails_tails_0x20": { "File": "character_tails_tails.png", "Rect": "324,28,24,16", "Center": "29,3" },
	"character_tails_tails_0x21": { "File": "character_tails_tails.png", "Rect": "356,28,24,16", "Center": "29,3" },
	"character_tails_tails_0x22": { "File": "character_tails_tails.png", "Rect": "392,24,16,24", "Center": "21,8" },
	"character_tails_tails_0x23": { "File": "character_tails_tails.png", "Rect": "420,24,24,24", "Center": "28,8" },
	"character_tails_tails_0x24": { "File": "character_tails_tails.png", "Rect": "452,24,24,24", "Center": "28,8" },
	"character_tails_tails_0x25": { "File": "character_tails_tails.png", "Rect": "484,28,24,16", "Center": "28,0" },
	"character_tails_tails_0x26": { "File": "character_tails_tails.png", "Rect": "4,48,24,24", "Center": "28,8" },
	"character_tails_tails_0x27": { "File": "character_tails_tails.png", "Rect": "32,56,32,8", "Center": "25,20" },
	"character_tails_tails_0x28": { "File": "character_tails_tails.png", "Rect": "64,56,32,8", "Center": "25,20" },
	"character_tails_tails_0x29": { "File": "character_tails_tails.png", "Rect": "100,52,24,16", "Center": "28,8" },
	"character_tails_tails_0x2a": { "File": "character_tails_tails.png", "Rect": "132,52,24,16", "Center": "28,8" },
	"character_tails_tails_0x2b": { "File": "character_tails_tails.png", "Rect": "164,52,24,16", "Center": "28,8" },
	"character_tails_tails_0x2c": { "File": "character_tails_tails.png", "Rect": "196,52,24,16", "Center": "28,8" }
}
