{
	"character_slot2_0x01":  { "File": "character_tails.png", "Rect": "1,4,45,40", "Center": "28,22" },
	"character_slot2_0x02":  { "File": "character_tails.png", "Rect": "50,6,43,34", "Center": "29,19" },
	"character_slot2_0x03":  { "File": "character_tails.png", "Rect": "97,6,45,34", "Center": "33,18" },
	"character_slot2_0x04":  { "File": "character_tails.png", "Rect": "146,6,44,34", "Center": "30,18" },
	"character_slot2_0x05":  { "File": "character_tails.png", "Rect": "194,4,44,40", "Center": "27,22" },
	"character_slot2_0x06":  { "File": "character_tails.png", "Rect": "242,6,44,34", "Center": "30,19" },
	"character_slot2_0x07":  { "File": "character_tails.png", "Rect": "290,6,44,34", "Center": "32,18" },
	"character_slot2_0x08":  { "File": "character_tails.png", "Rect": "338,6,44,34", "Center": "30,18" },
	"character_slot2_0x09":  { "File": "character_tails.png", "Rect": "390,4,34,40", "Center": "16,20" },
	"character_slot2_0x0a":  { "File": "character_tails.png", "Rect": "436,2,40,42", "Center": "15,18" },
	"character_slot2_0x0b":  { "File": "character_tails.png", "Rect": "488,0,32,48", "Center": "16,22" },
	"character_slot2_0x0c":  { "File": "character_tails.png", "Rect": "532,4,40,40", "Center": "18,17" },
	"character_slot2_0x0d":  { "File": "character_tails.png", "Rect": "582,4,34,40", "Center": "16,18" },
	"character_slot2_0x0e":  { "File": "character_tails.png", "Rect": "628,2,40,42", "Center": "17,18" },
	"character_slot2_0x0f":  { "File": "character_tails.png", "Rect": "680,2,32,42", "Center": "16,18" },
	"character_slot2_0x10":  { "File": "character_tails.png", "Rect": "724,4,40,40", "Center": "21,20" },
	"character_slot2_0x11":  { "File": "character_tails.png", "Rect": "7,48,33,48", "Center": "19,17" },
	"character_slot2_0x12":  { "File": "character_tails.png", "Rect": "54,51,34,42", "Center": "19,13" },
	"character_slot2_0x13":  { "File": "character_tails.png", "Rect": "102,51,34,42", "Center": "18,11" },
	"character_slot2_0x14":  { "File": "character_tails.png", "Rect": "150,51,34,42", "Center": "18,9" },
	"character_slot2_0x15":  { "File": "character_tails.png", "Rect": "199,48,33,47", "Center": "19,17" },
	"character_slot2_0x16":  { "File": "character_tails.png", "Rect": "246,51,34,42", "Center": "19,12" },
	"character_slot2_0x17":  { "File": "character_tails.png", "Rect": "294,50,34,43", "Center": "18,11" },
	"character_slot2_0x18":  { "File": "character_tails.png", "Rect": "342,53,34,38", "Center": "18,8" },
	"character_slot2_0x19":  { "File": "character_tails.png", "Rect": "388,56,40,34", "Center": "20,18" },
	"character_slot2_0x1a":  { "File": "character_tails.png", "Rect": "434,52,42,40", "Center": "18,25" },
	"character_slot2_0x1b":  { "File": "character_tails.png", "Rect": "480,56,48,32", "Center": "22,16" },
	"character_slot2_0x1c":  { "File": "character_tails.png", "Rect": "532,52,40,40", "Center": "17,22" },
	"character_slot2_0x1d":  { "File": "character_tails.png", "Rect": "580,56,40,34", "Center": "18,18" },
	"character_slot2_0x1e":  { "File": "character_tails.png", "Rect": "626,52,42,40", "Center": "18,23" },
	"character_slot2_0x1f":  { "File": "character_tails.png", "Rect": "674,56,42,32", "Center": "18,16" },
	"character_slot2_0x20":  { "File": "character_tails.png", "Rect": "724,52,40,40", "Center": "20,19" },
	"character_slot2_0x21":  { "File": "character_tails.png", "Rect": "5,102,38,34", "Center": "22,18" },
	"character_slot2_0x22":  { "File": "character_tails.png", "Rect": "53,102,38,34", "Center": "22,18" },
	"character_slot2_0x23":  { "File": "character_tails.png", "Rect": "101,102,38,34", "Center": "22,18" },
	"character_slot2_0x24":  { "File": "character_tails.png", "Rect": "149,102,38,34", "Center": "22,18" },
	"character_slot2_0x25":  { "File": "character_tails.png", "Rect": "199,96,33,48", "Center": "25,20" },
	"character_slot2_0x26":  { "File": "character_tails.png", "Rect": "246,98,36,42", "Center": "28,21" },
	"character_slot2_0x27":  { "File": "character_tails.png", "Rect": "299,100,25,40", "Center": "17,20" },
	"character_slot2_0x28":  { "File": "character_tails.png", "Rect": "346,96,26,45", "Center": "18,21" },
	"character_slot2_0x29":  { "File": "character_tails.png", "Rect": "390,101,34,38", "Center": "18,16" },
	"character_slot2_0x2a":  { "File": "character_tails.png", "Rect": "438,101,34,38", "Center": "18,16" },
	"character_slot2_0x2b":  { "File": "character_tails.png", "Rect": "486,101,34,38", "Center": "18,16" },
	"character_slot2_0x2c":  { "File": "character_tails.png", "Rect": "534,101,34,38", "Center": "18,16" },
	"character_slot2_0x2d":  { "File": "character_tails.png", "Rect": "577,106,45,33", "Center": "21,8" },
	"character_slot2_0x2e":  { "File": "character_tails.png", "Rect": "627,105,41,30", "Center": "22,8" },
	"character_slot2_0x2f":  { "File": "character_tails.png", "Rect": "675,108,40,25", "Center": "21,8" },
	"character_slot2_0x30":  { "File": "character_tails.png", "Rect": "723,108,43,26", "Center": "22,8" },
	"character_slot2_0x31":  { "File": "character_tails.png", "Rect": "12,149,24,35", "Center": "15,19" },
	"character_slot2_0x32":  { "File": "character_tails.png", "Rect": "60,148,24,40", "Center": "15,20" },
	"character_slot2_0x33":  { "File": "character_tails.png", "Rect": "108,152,24,32", "Center": "13,19" },
	"character_slot2_0x34":  { "File": "character_tails.png", "Rect": "156,156,24,24", "Center": "13,8" },
	"character_slot2_0x35":  { "File": "character_tails.png", "Rect": "204,152,24,32", "Center": "13,13" },
	"character_slot2_0x36":  { "File": "character_tails.png", "Rect": "252,152,24,34", "Center": "14,17" },
	"character_slot2_0x37":  { "File": "character_tails.png", "Rect": "300,152,24,34", "Center": "14,14" },
	"character_slot2_0x38":  { "File": "character_tails.png", "Rect": "348,152,24,34", "Center": "12,16" },
	"character_slot2_0x39":  { "File": "character_tails.png", "Rect": "396,152,24,33", "Center": "12,18" },
	"character_slot2_0x3a":  { "File": "character_tails.png", "Rect": "444,156,24,24", "Center": "15,12" },
	"character_slot2_0x3b":  { "File": "character_tails.png", "Rect": "492,151,24,32", "Center": "15,13" },
	"character_slot2_0x3c":  { "File": "character_tails.png", "Rect": "540,150,24,34", "Center": "12,17" },
	"character_slot2_0x3d":  { "File": "character_tails.png", "Rect": "588,152,24,32", "Center": "14,15" },
	"character_slot2_0x3e":  { "File": "character_tails.png", "Rect": "636,152,24,32", "Center": "15,19" },
	"character_slot2_0x3f":  { "File": "character_tails.png", "Rect": "684,156,24,24", "Center": "13,13" },
	"character_slot2_0x40":  { "File": "character_tails.png", "Rect": "732,152,24,34", "Center": "14,18" },
	"character_slot2_0x41":  { "File": "character_tails.png", "Rect": "12,200,24,35", "Center": "15,16" },
	"character_slot2_0x42":  { "File": "character_tails.png", "Rect": "60,200,24,34", "Center": "16,15" },
	"character_slot2_0x43":  { "File": "character_tails.png", "Rect": "108,200,24,33", "Center": "12,16" },
	"character_slot2_0x44":  { "File": "character_tails.png", "Rect": "156,200,24,33", "Center": "15,20" },
	"character_slot2_0x45":  { "File": "character_tails.png", "Rect": "204,204,24,24", "Center": "15,12" },
	"character_slot2_0x46":  { "File": "character_tails.png", "Rect": "252,204,24,24", "Center": "17,14" },
	"character_slot2_0x47":  { "File": "character_tails.png", "Rect": "300,200,24,32", "Center": "11,19" },
	"character_slot2_0x48":  { "File": "character_tails.png", "Rect": "348,198,24,34", "Center": "15,19" },
	"character_slot2_0x49":  { "File": "character_tails.png", "Rect": "388,204,40,24", "Center": "19,14" },
	"character_slot2_0x4a":  { "File": "character_tails.png", "Rect": "440,204,32,24", "Center": "16,14" },
	"character_slot2_0x4b":  { "File": "character_tails.png", "Rect": "488,204,32,24", "Center": "17,14" },
	"character_slot2_0x4c":  { "File": "character_tails.png", "Rect": "540,200,24,32", "Center": "12,16" },
	"character_slot2_0x4d":  { "File": "character_tails.png", "Rect": "588,200,24,32", "Center": "12,16" },
	"character_slot2_0x4e":  { "File": "character_tails.png", "Rect": "632,196,32,43", "Center": "16,22" },
	"character_slot2_0x4f":  { "File": "character_tails.png", "Rect": "680,196,32,40", "Center": "16,19" },
	"character_slot2_0x50":  { "File": "character_tails.png", "Rect": "728,196,32,40", "Center": "15,21" },
	"character_slot2_0x51":  { "File": "character_tails.png", "Rect": "12,248,24,32", "Center": "14,17" },
	"character_slot2_0x52":  { "File": "character_tails.png", "Rect": "56,252,32,24", "Center": "16,12" },
	"character_slot2_0x53":  { "File": "character_tails.png", "Rect": "104,252,32,24", "Center": "16,12" },
	"character_slot2_0x54":  { "File": "character_tails.png", "Rect": "152,251,35,25", "Center": "18,14" },
	"character_slot2_0x55":  { "File": "character_tails.png", "Rect": "193,246,34,34", "Center": "23,18" },
	"character_slot2_0x56":  { "File": "character_tails.png", "Rect": "245,246,31,34", "Center": "20,18" },
	"character_slot2_0x57":  { "File": "character_tails.png", "Rect": "294,246,25,34", "Center": "15,18" },
	"character_slot2_0x58":  { "File": "character_tails.png", "Rect": "348,246,24,34", "Center": "13,18" },
	"character_slot2_0x59":  { "File": "character_tails.png", "Rect": "396,246,31,34", "Center": "13,18" },
	"character_slot2_0x5a":  { "File": "character_tails.png", "Rect": "444,246,24,34", "Center": "9,18" },
	"character_slot2_0x5b":  { "File": "character_tails.png", "Rect": "492,246,24,34", "Center": "12,18" },
	"character_slot2_0x5c":  { "File": "character_tails.png", "Rect": "528,252,48,24", "Center": "16,12" },
	"character_slot2_0x5d":  { "File": "character_tails.png", "Rect": "584,252,32,24", "Center": "3,12" },
	"character_slot2_0x5e":  { "File": "character_tails.png", "Rect": "628,252,40,24", "Center": "23,12" },
	"character_slot2_0x5f":  { "File": "character_tails.png", "Rect": "672,252,48,24", "Center": "31,12" },
	"character_slot2_0x60":  { "File": "character_tails.png", "Rect": "728,252,32,24", "Center": "12,12" },
	"character_slot2_0x61":  { "File": "character_tails.png", "Rect": "8,300,32,24", "Center": "26,12" },
	"character_slot2_0x62":  { "File": "character_tails.png", "Rect": "52,300,40,24", "Center": "20,12" },
	"character_slot2_0x63":  { "File": "character_tails.png", "Rect": "108,288,24,48", "Center": "11,24" },
	"character_slot2_0x64":  { "File": "character_tails.png", "Rect": "156,296,24,32", "Center": "12,15" },
	"character_slot2_0x65":  { "File": "character_tails.png", "Rect": "204,292,24,40", "Center": "12,23" },
	"character_slot2_0x66":  { "File": "character_tails.png", "Rect": "252,288,24,48", "Center": "12,25" },
	"character_slot2_0x67":  { "File": "character_tails.png", "Rect": "300,296,24,32", "Center": "12,16" },
	"character_slot2_0x68":  { "File": "character_tails.png", "Rect": "348,296,24,32", "Center": "12,16" },
	"character_slot2_0x69":  { "File": "character_tails.png", "Rect": "388,296,40,32", "Center": "17,17" },
	"character_slot2_0x6a":  { "File": "character_tails.png", "Rect": "440,296,32,32", "Center": "17,18" },
	"character_slot2_0x6b":  { "File": "character_tails.png", "Rect": "492,296,24,32", "Center": "13,18" },
	"character_slot2_0x6c":  { "File": "character_tails.png", "Rect": "534,300,34,24", "Center": "20,15" },
	"character_slot2_0x6d":  { "File": "character_tails.png", "Rect": "583,300,34,24", "Center": "18,13" },
	"character_slot2_0x6e":  { "File": "character_tails.png", "Rect": "632,300,32,24", "Center": "15,8" },
	"character_slot2_0x6f":  { "File": "character_tails.png", "Rect": "684,300,24,24", "Center": "12,10" },
	"character_slot2_0x70":  { "File": "character_tails.png", "Rect": "728,300,33,24", "Center": "20,10" },
	"character_slot2_0x71":  { "File": "character_tails.png", "Rect": "8,348,34,24", "Center": "17,9" },
	"character_slot2_0x72":  { "File": "character_tails.png", "Rect": "56,348,36,24", "Center": "17,10" },
	"character_slot2_0x73":  { "File": "character_tails.png", "Rect": "100,347,40,25", "Center": "17,11" },
	"character_slot2_0x74":  { "File": "character_tails.png", "Rect": "152,348,32,24", "Center": "14,11" },
	"character_slot2_0x75":  { "File": "character_tails.png", "Rect": "204,348,24,24", "Center": "14,9" },
	"character_slot2_0x76":  { "File": "character_tails.png", "Rect": "248,348,32,24", "Center": "14,12" },
	"character_slot2_0x77":  { "File": "character_tails.png", "Rect": "296,348,32,24", "Center": "16,13" },
	"character_slot2_0x78":  { "File": "character_tails.png", "Rect": "338,340,38,40", "Center": "20,26" },
	"character_slot2_0x79":  { "File": "character_tails.png", "Rect": "388,340,40,45", "Center": "26,30" },
	"character_slot2_0x7a":  { "File": "character_tails.png", "Rect": "436,344,40,38", "Center": "28,18" },
	"character_slot2_0x7b":  { "File": "character_tails.png", "Rect": "484,340,45,40", "Center": "31,12" },
	"character_slot2_0x7c":  { "File": "character_tails.png", "Rect": "536,340,38,40", "Center": "18,12" },
	"character_slot2_0x7d":  { "File": "character_tails.png", "Rect": "580,335,40,43", "Center": "14,15" },
	"character_slot2_0x7e":  { "File": "character_tails.png", "Rect": "628,338,40,38", "Center": "11,20" },
	"character_slot2_0x7f":  { "File": "character_tails.png", "Rect": "671,340,42,40", "Center": "14,28" },
	"character_slot2_0x80":  { "File": "character_tails.png", "Rect": "728,338,32,42", "Center": "17,26" },
	"character_slot2_0x81":  { "File": "character_tails.png", "Rect": "4,384,40,48", "Center": "26,23" },
	"character_slot2_0x82":  { "File": "character_tails.png", "Rect": "52,384,40,48", "Center": "26,23" },
	"character_slot2_0x83":  { "File": "character_tails.png", "Rect": "100,386,40,42", "Center": "20,26" },
	"character_slot2_0x84":  { "File": "character_tails.png", "Rect": "148,384,40,48", "Center": "26,23" },
	"character_slot2_0x85":  { "File": "character_tails.png", "Rect": "200,384,32,48", "Center": "19,23" },
	"character_slot2_0x86":  { "File": "character_tails.png", "Rect": "248,396,32,24", "Center": "8,8" },
	"character_slot2_0x87":  { "File": "character_tails.png", "Rect": "296,396,32,24", "Center": "8,8" },
	"character_slot2_0x88":  { "File": "character_tails.png", "Rect": "344,396,32,24", "Center": "8,8" },
	"character_slot2_0x89":  { "File": "character_tails.png", "Rect": "392,390,32,34", "Center": "16,18" },
	"character_slot2_0x8a":  { "File": "character_tails.png", "Rect": "440,390,32,34", "Center": "16,18" },
	"character_slot2_0x8b":  { "File": "character_tails.png", "Rect": "492,384,24,48", "Center": "15,23" },
	"character_slot2_0x8c":  { "File": "character_tails.png", "Rect": "540,384,24,48", "Center": "15,23" },
	"character_slot2_0x8d":  { "File": "character_tails.png", "Rect": "584,392,32,32", "Center": "21,21" },
	"character_slot2_0x8e":  { "File": "character_tails.png", "Rect": "632,389,32,35", "Center": "16,19" },
	"character_slot2_0x8f":  { "File": "character_tails.png", "Rect": "680,389,32,35", "Center": "16,19" },
	"character_slot2_0x90":  { "File": "character_tails.png", "Rect": "732,389,24,38", "Center": "11,23" },
	"character_slot2_0x91":  { "File": "character_tails.png", "Rect": "8,439,32,32", "Center": "11,24" },
	"character_slot2_0x92":  { "File": "character_tails.png", "Rect": "56,438,32,32", "Center": "11,25" },
	"character_slot2_0x93":  { "File": "character_tails.png", "Rect": "108,442,24,26", "Center": "11,25" },
	"character_slot2_0x94":  { "File": "character_tails.png", "Rect": "152,434,32,43", "Center": "15,24" },
	"character_slot2_0x95":  { "File": "character_tails.png", "Rect": "203,434,25,44", "Center": "12,24" },
	"character_slot2_0x96":  { "File": "character_tails.png", "Rect": "248,440,32,32", "Center": "16,16" },
	"character_slot2_0x97":  { "File": "character_tails.png", "Rect": "296,440,32,32", "Center": "16,16" },
	"character_slot2_0x98":  { "File": "character_tails.png", "Rect": "344,440,32,32", "Center": "16,16" },
	"character_slot2_0x99":  { "File": "character_tails.png", "Rect": "396,444,24,24", "Center": "6,8" },
	"character_slot2_0x9a":  { "File": "character_tails.png", "Rect": "435,438,35,34", "Center": "27,18" },
	"character_slot2_0x9b":  { "File": "character_tails.png", "Rect": "485,438,35,34", "Center": "26,18" },
	"character_slot2_0x9c":  { "File": "character_tails.png", "Rect": "536,438,32,34", "Center": "15,18" },
	"character_slot2_0x9d":  { "File": "character_tails.png", "Rect": "580,440,40,32", "Center": "26,18" },
	"character_slot2_0x9e":  { "File": "character_tails.png", "Rect": "628,440,40,32", "Center": "26,18" },
	"character_slot2_0x9f":  { "File": "character_tails.png", "Rect": "680,435,32,37", "Center": "18,20" },
	"character_slot2_0xa0":  { "File": "character_tails.png", "Rect": "728,440,32,32", "Center": "21,19" },
	"character_slot2_0xa1":  { "File": "character_tails.png", "Rect": "8,488,32,32", "Center": "21,19" },
	"character_slot2_0xa2":  { "File": "character_tails.png", "Rect": "56,488,32,32", "Center": "21,19" },
	"character_slot2_0xa3":  { "File": "character_tails.png", "Rect": "104,488,32,32", "Center": "21,19" },
	"character_slot2_0xa4":  { "File": "character_tails.png", "Rect": "152,488,32,32", "Center": "21,19" },
	"character_slot2_0xa5":  { "File": "character_tails.png", "Rect": "196,486,32,34", "Center": "20,18" },
	"character_slot2_0xa6":  { "File": "character_tails.png", "Rect": "244,484,40,40", "Center": "26,24" },
	"character_slot2_0xa7":  { "File": "character_tails.png", "Rect": "296,484,32,40", "Center": "14,19" },
	"character_slot2_0xa8":  { "File": "character_tails.png", "Rect": "344,484,32,40", "Center": "14,19" },
	"character_slot2_0xa9":  { "File": "character_tails.png", "Rect": "392,488,32,32", "Center": "18,16" },
	"character_slot2_0xaa":  { "File": "character_tails.png", "Rect": "444,488,24,32", "Center": "10,16" },
	"character_slot2_0xab":  { "File": "character_tails.png", "Rect": "492,488,24,32", "Center": "10,16" },
	"character_slot2_0xac":  { "File": "character_tails.png", "Rect": "540,488,24,32", "Center": "10,16" },
	"character_slot2_0xad":  { "File": "character_tails.png", "Rect": "588,486,24,34", "Center": "12,18" },
	"character_slot2_0xae":  { "File": "character_tails.png", "Rect": "636,486,24,34", "Center": "12,18" },
	"character_slot2_0xaf":  { "File": "character_tails.png", "Rect": "684,486,24,34", "Center": "12,18" },
	"character_slot2_0xb0":  { "File": "character_tails.png", "Rect": "732,486,24,34", "Center": "12,18" },
	"character_slot2_0xb1":  { "File": "character_tails.png", "Rect": "12,534,24,34", "Center": "12,18" },
	"character_slot2_0xb2":  { "File": "character_tails.png", "Rect": "60,534,24,34", "Center": "12,18" },
	"character_slot2_0xb3":  { "File": "character_tails.png", "Rect": "108,534,24,34", "Center": "12,18" },
	"character_slot2_0xb4":  { "File": "character_tails.png", "Rect": "156,534,24,34", "Center": "12,18" },
	"character_slot2_0xb5":  { "File": "character_tails.png", "Rect": "192,540,48,24", "Center": "24,16" },
	"character_slot2_0xb6":  { "File": "character_tails.png", "Rect": "244,540,40,24", "Center": "20,16" },
	"character_slot2_0xb7":  { "File": "character_tails.png", "Rect": "296,540,32,24", "Center": "16,16" },
	"character_slot2_0xb8":  { "File": "character_tails.png", "Rect": "340,540,40,24", "Center": "20,16" },
	"character_slot2_0xb9":  { "File": "character_tails.png", "Rect": "384,540,48,24", "Center": "24,16" },
	"character_slot2_0xba":  { "File": "character_tails.png", "Rect": "436,540,40,24", "Center": "20,16" },
	"character_slot2_0xbb":  { "File": "character_tails.png", "Rect": "488,540,32,24", "Center": "16,16" },
	"character_slot2_0xbc":  { "File": "character_tails.png", "Rect": "532,540,40,24", "Center": "20,16" },
	"character_slot2_0xbd":  { "File": "character_tails.png", "Rect": "580,536,40,32", "Center": "22,14" },
	"character_slot2_0xbe":  { "File": "character_tails.png", "Rect": "628,536,40,32", "Center": "20,14" },
	"character_slot2_0xbf":  { "File": "character_tails.png", "Rect": "676,536,40,32", "Center": "18,14" },
	"character_slot2_0xc0":  { "File": "character_tails.png", "Rect": "724,536,40,32", "Center": "22,14" },
	"character_slot2_0xc1":  { "File": "character_tails.png", "Rect": "4,584,40,32", "Center": "19,14" },
	"character_slot2_0xc2":  { "File": "character_tails.png", "Rect": "52,584,40,32", "Center": "21,19" },
	"character_slot2_0xc3":  { "File": "character_tails.png", "Rect": "101,582,37,34", "Center": "21,18" },
	"character_slot2_0xc4":  { "File": "character_tails.png", "Rect": "149,582,37,34", "Center": "21,18" },
	"character_slot2_0xc5":  { "File": "character_tails.png", "Rect": "200,580,31,41", "Center": "23,20" },
	"character_slot2_0xc6":  { "File": "character_tails.png", "Rect": "248,580,31,40", "Center": "23,19" },
	"character_slot2_0xc7":  { "File": "character_tails.png", "Rect": "294,581,34,37", "Center": "18,16" },
	"character_slot2_0xc8":  { "File": "character_tails.png", "Rect": "342,581,34,37", "Center": "18,16" },
	"character_slot2_0xc9":  { "File": "character_tails.png", "Rect": "387,584,41,31", "Center": "21,8" },
	"character_slot2_0xca":  { "File": "character_tails.png", "Rect": "437,584,40,31", "Center": "20,8" },
	"character_slot2_0xcb":  { "File": "character_tails.png", "Rect": "488,582,32,34", "Center": "16,10" },
	"character_slot2_0xcc":  { "File": "character_tails.png", "Rect": "536,582,32,34", "Center": "16,10" },
	"character_slot2_0xcd":  { "File": "character_tails.png", "Rect": "580,584,40,32", "Center": "21,19" },
	"character_slot2_0xce":  { "File": "character_tails.png", "Rect": "628,584,40,32", "Center": "21,19" },
	"character_slot2_0xcf":  { "File": "character_tails.png", "Rect": "684,580,24,40", "Center": "12,26" },
	"character_slot2_0xd0":  { "File": "character_tails.png", "Rect": "732,580,24,40", "Center": "12,26" },
	"character_slot2_0xd1":  { "File": "character_tails.png", "Rect": "8,628,32,40", "Center": "16,20" },
	"character_slot2_0xd2":  { "File": "character_tails.png", "Rect": "56,628,32,40", "Center": "16,20" },
	"character_slot2_0xd3":  { "File": "character_tails.png", "Rect": "104,628,32,40", "Center": "16,20" },
	"character_slot2_0xd4":  { "File": "character_tails.png", "Rect": "152,628,32,40", "Center": "16,20" },
	"character_slot2_0xd5":  { "File": "character_tails.png", "Rect": "200,628,32,40", "Center": "16,20" },
	"character_slot2_0xd6":  { "File": "character_tails.png", "Rect": "248,628,32,40", "Center": "16,20" },
	"character_slot2_0xd7":  { "File": "character_tails.png", "Rect": "296,628,32,40", "Center": "16,20" },
	"character_slot2_0xd8":  { "File": "character_tails.png", "Rect": "344,628,32,40", "Center": "16,20" },
	"character_slot2_0xd9":  { "File": "character_tails.png", "Rect": "392,628,32,40", "Center": "16,20" },
	"character_slot2_0xda":  { "File": "character_tails.png", "Rect": "440,628,32,40", "Center": "16,20" },
	"character_slot2_0xdb":  { "File": "character_tails.png", "Rect": "488,628,32,40", "Center": "16,20" },
	"character_slot2_0xdc":  { "File": "character_tails.png", "Rect": "536,628,32,40", "Center": "16,20" },
	"character_slot2_0xdd":  { "File": "character_tails.png", "Rect": "584,628,32,40", "Center": "16,20" },
	"character_slot2_0xde":  { "File": "character_tails.png", "Rect": "632,628,32,40", "Center": "16,20" },
	"character_slot2_0xdf":  { "File": "character_tails.png", "Rect": "680,628,32,40", "Center": "16,20" },
	"character_slot2_0xe0":  { "File": "character_tails.png", "Rect": "732,632,24,32", "Center": "12,17" },
	"character_slot2_0xe1":  { "File": "character_tails.png", "Rect": "12,676,24,40", "Center": "10,20" },
	"character_slot2_0xe2":  { "File": "character_tails.png", "Rect": "60,676,24,40", "Center": "12,20" },
	"character_slot2_0xe3":  { "File": "character_tails.png", "Rect": "104,676,32,40", "Center": "14,20" },
	"character_slot2_0xe4":  { "File": "character_tails.png", "Rect": "149,676,35,40", "Center": "21,20" },
	"character_slot2_0xe5":  { "File": "character_tails.png", "Rect": "193,676,35,40", "Center": "19,20" },
	"character_slot2_0xe6":  { "File": "character_tails.png", "Rect": "252,676,24,40", "Center": "12,20" },
	"character_slot2_0xe7":  { "File": "character_tails.png", "Rect": "300,676,24,40", "Center": "11,20" },
	"character_slot2_0xe8":  { "File": "character_tails.png", "Rect": "348,676,30,40", "Center": "12,20" },
	"character_slot2_0xe9":  { "File": "character_tails.png", "Rect": "396,676,30,40", "Center": "14,20" },
	"character_slot2_0xea":  { "File": "character_tails.png", "Rect": "444,676,24,40", "Center": "11,20" },
	"character_slot2_0xeb":  { "File": "character_tails.png", "Rect": "492,684,24,24", "Center": "12,12" },
	"character_slot2_0xec":  { "File": "character_tails.png", "Rect": "536,674,32,40", "Center": "16,22" },
	"character_slot2_0xed":  { "File": "character_tails.png", "Rect": "584,674,32,40", "Center": "16,22" },
	"character_slot2_0xee":  { "File": "character_tails.png", "Rect": "632,674,32,40", "Center": "16,22" },
	"character_slot2_0xef":  { "File": "character_tails.png", "Rect": "680,678,32,34", "Center": "16,18" },
	"character_slot2_0xf0":  { "File": "character_tails.png", "Rect": "728,678,32,34", "Center": "16,18" },
	"character_slot2_0xf1":  { "File": "character_tails.png", "Rect": "8,726,32,34", "Center": "16,18" },
	"character_slot2_0xf2":  { "File": "character_tails.png", "Rect": "56,726,32,34", "Center": "16,18" },
	"character_slot2_0xf3":  { "File": "character_tails.png", "Rect": "104,726,32,34", "Center": "16,18" },
	"character_slot2_0xf4":  { "File": "character_tails.png", "Rect": "152,726,32,34", "Center": "16,18" },
	"character_slot2_0xf5":  { "File": "character_tails.png", "Rect": "200,726,32,34", "Center": "16,18" },
	"character_slot2_0xf6":  { "File": "character_tails.png", "Rect": "248,726,32,34", "Center": "16,18" },
	"character_slot2_0xf7":  { "File": "character_tails.png", "Rect": "296,726,32,34", "Center": "16,18" },
	"character_slot2_0xf8":  { "File": "character_tails.png", "Rect": "344,726,32,34", "Center": "16,18" },
	"character_slot2_0xf9":  { "File": "character_tails.png", "Rect": "392,726,32,34", "Center": "16,18" },
	"character_slot2_0xfa":  { "File": "character_tails.png", "Rect": "440,726,32,34", "Center": "16,18" },
}